Workbook

Sheet 가정값
B1: W2O SALADA · 새벽배송 손익분기 시뮬레이터
B2: 노란 셀 = 직접 입력하는 가정값 · 나머지 시트는 자동 계산됩니다 (주 2회 화·목 배송 기준)
B4: ① 매출 가정
B5: 객단가 (평균 결제액) | C5: 15000 | D5: 원 | E5: 본품 최소 11,000원 + 음료·추가구성 평균. 업계 샐러드 새벽배송 1.5~2.5만
B6: 배송일당 주문 수 | C6: 80 | D6: 건 | E6: 이 값을 바꿔가며 손익분기 확인 (기본 시나리오)
B7: 주 배송 횟수 | C7: 2 | D7: 회 | E7: 화·목 = 2회 (Weekly 2 Order)
B8: 월 평균 주 수 | C8: 4.345 | D8: 주 | E8: 52주 ÷ 12개월 = 4.345
B9: ② 변동비 가정 (주문 1건당)
B10: 식자재 원가율 | C10: 0.38 | D10: % | E10: 샐러드·신선 HMR 통상 35~42%
B11: 폐기율 (식자재 대비) | C11: 0.05 | D11: % | E11: 예측생산 신선식품 통상 3~8%
B12: 건당 포장재비 | C12: 1200 | D12: 원 | E12: 보냉박스+아이스팩+용기 (비회수 기준)
B13: 건당 위탁 배송비 | C13: 2000 | D13: 원 | E13: 새벽배송 3PL 위탁 단가 통상 3,000~4,500
B14: PG 수수료율 | C14: 0.033 | D14: % | E14: 토스페이먼츠 약 3.3%
B15: 건당 알림톡비 | C15: 40 | D15: 원 | E15: 주문완료+출발+완료 3건 × 12~15원
B16: ③ 고정비 가정 (월)
B17: 주방 임대·관리비 | C17: 0 | D17: 원 | E17: 공유주방~소형 센터 초기 기준
B18: 인건비 | C18: 1000000 | D18: 원 | E18: 조리·포장·CS 4~5명 초기 소규모
B19: 관리자인건비 | C19: 1000000 | D19: 원 | E19: 상황관리자 및 기타
B20: 차량·냉장설비 | C20: 1000000 | D20: 원 | E20: 리스·유지·냉장 인프라
B21: 마케팅비 | C21: 5000000 | D21: 원 | E21: 신규 유입 광고 (초기 공격 시 ↑)
B22: 기타 운영비 | C22: 1000000 | D22: 원 | E22: SW·결제·보험·잡비

Sheet 손익
B1: 월간 손익계산서 (현재 가정값 기준)
B3: 물량
B4: 월 배송일 수 | C4: =가정값!$C$7*가정값!$C$8 -> 8.69 | E4: 주 배송횟수 × 월평균주수
B5: 월 주문 건수 | C5: =가정값!$C$6*손익!$C$4 -> 695.2 | E5: 배송일당 주문수 × 월 배송일수
B6: 매출
B7: 월 매출액 | C7: =가정값!$C$5*손익!$C$5 -> 10428000 | E7: 객단가 × 월 주문건수
B8: 변동비 (주문 1건당)
B9: 식자재비 | C9: =가정값!$C$5*가정값!$C$10 -> 5700 | E9: 객단가 × 원가율
B10: 폐기 손실 | C10: =손익!$C$9*가정값!$C$11 -> 285 | E10: 식자재비 × 폐기율
B11: 포장재비 | C11: =가정값!$C$12 -> 1200
B12: 위탁 배송비 | C12: =가정값!$C$13 -> 2000
B13: PG 수수료 | C13: =가정값!$C$5*가정값!$C$14 -> 495 | E13: 객단가 × PG율
B14: 알림톡비 | C14: =가정값!$C$15 -> 40
B15: 건당 변동비 합계 | C15: =손익!$C$9+손익!$C$10+손익!$C$11+손익!$C$12+손익!$C$13+손익!$C$14 -> 9720
B16: 공헌이익
B17: 건당 공헌이익 | C17: =손익!$C$7/손익!$C$5-손익!$C$15 -> 5280 | E17: 객단가 − 건당 변동비
B18: 공헌이익률 | C18: =손익!$C$17/가정값!$C$5 -> 0.352
B19: 월 공헌이익 | C19: =손익!$C$17*손익!$C$5 -> 3670656
B20: 고정비 (월)
B21: 주방 임대·관리비 | C21: =가정값!$C$17 -> 0
B22: 인건비 | C22: =가정값!$C$18 -> 1000000
B23: 관리자인건비 | C23: 3000000
B24: 차량·냉장설비 | C24: =가정값!$C$20 -> 1000000
B25: 마케팅비 | C25: 3000000
B26: 기타 운영비 | C26: =가정값!$C$22 -> 1000000
B27: 월 고정비 합계 | C27: =손익!$C$21+손익!$C$22+손익!$C$23+손익!$C$24+손익!$C$25+손익!$C$26 -> 9000000
B28: 영업손익
B29: 월 영업이익 | C29: =손익!$C$19-손익!$C$27 -> -5329344 | E29: 월 공헌이익 − 월 고정비
B30: 영업이익률 | C30: =IF(손익!$C$7=0,0,손익!$C$29/손익!$C$7) -> -0.51106099

Sheet 손익분기
B1: 손익분기점 (BEP) 분석
B3: 핵심 지표
B4: 손익분기 월 주문건수 | C4: =손익!$C$27/손익!$C$17 -> 1704.5455
B5: 손익분기 배송일당 주문수 | C5: =손익분기!$C$4/손익!$C$4 -> 196.15022
B6: 손익분기 월 매출액 | C6: =손익분기!$C$4*가정값!$C$5 -> 25568182
B7: 현재 가정 대비 안전마진 | C7: =IF(손익!$C$5=0,0,(손익!$C$5-손익분기!$C$4)/손익!$C$5) -> -1.4518778
B8: 현재 가정 손익 상태 | C8: =IF(손익!$C$29>=0,"흑자 (BEP 통과)","적자 (BEP 미달)") -> 적자 (BEP 미달)
B10: 민감도 — 배송일당 주문 수별 월 영업이익
B11: 배송일당 주문수 | C11: 월 주문건수 | D11: 월 매출 | E11: 월 공헌이익 | F11: 월 고정비 | G11: 월 영업이익 | H11: 손익
B12: 20 | C12: =$B$12*손익!$C$4 -> 173.8 | D12: =$C12*가정값!$C$5 -> 2607000 | E12: =$C12*손익!$C$17 -> 917664 | F12: =손익!$C$27 -> 9000000 | G12: =$E12-$F12 -> -8082336 | H12: =IF($G12>=0,"흑자","적자") -> 적자
B13: 40 | C13: =$B$13*손익!$C$4 -> 347.6 | D13: =$C13*가정값!$C$5 -> 5214000 | E13: =$C13*손익!$C$17 -> 1835328 | F13: =손익!$C$27 -> 9000000 | G13: =$E13-$F13 -> -7164672 | H13: =IF($G13>=0,"흑자","적자") -> 적자
B14: 60 | C14: =$B$14*손익!$C$4 -> 521.4 | D14: =$C14*가정값!$C$5 -> 7821000 | E14: =$C14*손익!$C$17 -> 2752992 | F14: =손익!$C$27 -> 9000000 | G14: =$E14-$F14 -> -6247008 | H14: =IF($G14>=0,"흑자","적자") -> 적자
B15: 80 | C15: =$B$15*손익!$C$4 -> 695.2 | D15: =$C15*가정값!$C$5 -> 10428000 | E15: =$C15*손익!$C$17 -> 3670656 | F15: =손익!$C$27 -> 9000000 | G15: =$E15-$F15 -> -5329344 | H15: =IF($G15>=0,"흑자","적자") -> 적자
B16: 100 | C16: =$B$16*손익!$C$4 -> 869 | D16: =$C16*가정값!$C$5 -> 13035000 | E16: =$C16*손익!$C$17 -> 4588320 | F16: =손익!$C$27 -> 9000000 | G16: =$E16-$F16 -> -4411680 | H16: =IF($G16>=0,"흑자","적자") -> 적자
B17: 120 | C17: =$B$17*손익!$C$4 -> 1042.8 | D17: =$C17*가정값!$C$5 -> 15642000 | E17: =$C17*손익!$C$17 -> 5505984 | F17: =손익!$C$27 -> 9000000 | G17: =$E17-$F17 -> -3494016 | H17: =IF($G17>=0,"흑자","적자") -> 적자
B18: 150 | C18: =$B$18*손익!$C$4 -> 1303.5 | D18: =$C18*가정값!$C$5 -> 19552500 | E18: =$C18*손익!$C$17 -> 6882480 | F18: =손익!$C$27 -> 9000000 | G18: =$E18-$F18 -> -2117520 | H18: =IF($G18>=0,"흑자","적자") -> 적자
B19: 200 | C19: =$B$19*손익!$C$4 -> 1738 | D19: =$C19*가정값!$C$5 -> 26070000 | E19: =$C19*손익!$C$17 -> 9176640 | F19: =손익!$C$27 -> 9000000 | G19: =$E19-$F19 -> 176640 | H19: =IF($G19>=0,"흑자","적자") -> 흑자
B21: ※ 노란 셀(가정값 시트)을 바꾸면 모든 수치가 자동 재계산됩니다.
